name,id,gen,is-alt-form,hp,attack,defense,sp-attack,sp-defense,speed
Bulbasaur,1,1,False,45,49,49,65,65,45
Ivysaur,2,1,False,60,62,63,80,80,60
Venusaur,3,1,False,80,82,83,100,100,80
Mega Venusaur,3,1,True,80,100,123,122,120,80
Charmander,4,1,False,39,52,43,60,50,65
Charmeleon,5,1,False,58,64,58,80,65,80
Charizard,6,1,False,78,84,78,109,85,100
Mega Charizard X,6,1,True,78,130,111,130,85,100
Mega Charizard Y,6,1,True,78,104,78,159,115,100
Squirtle,7,1,False,44,48,65,50,64,43
Wartortle,8,1,False,59,63,80,65,80,58
Blastoise,9,1,False,79,83,100,85,105,78
Mega Blastoise,9,1,True,79,103,120,135,115,78
Caterpie,10,1,False,45,30,35,20,20,45
Metapod,11,1,False,50,20,55,25,25,30
Butterfree,12,1,False,60,45,50,90,80,70
Weedle,13,1,False,40,35,30,20,20,50
Kakuna,14,1,False,45,25,50,25,25,35
Beedrill,15,1,False,65,90,40,45,80,75
Mega Beedrill,15,1,True,65,150,40,15,80,145
Pidgey,16,1,False,40,45,40,35,35,56
Pidgeotto,17,1,False,63,60,55,50,50,71
Pidgeot,18,1,False,83,80,75,70,70,101
Mega Pidgeot,18,1,True,83,80,80,135,80,121
Rattata,19,1,False,30,56,35,25,35,72
Alolan Rattata,19,1,True,30,56,35,25,35,72
Raticate,20,1,False,55,81,60,50,70,97
Alolan Raticate,20,1,True,75,71,70,40,80,77
Spearow,21,1,False,40,60,30,31,31,70
Fearow,22,1,False,65,90,65,61,61,100
Ekans,23,1,False,35,60,44,40,54,55
Arbok,24,1,False,60,95,69,65,79,80
Pikachu,25,1,False,35,55,40,50,50,90
Raichu,26,1,False,60,90,55,90,80,110
Alolan Raichu,26,1,True,60,85,50,95,85,110
Sandshrew,27,1,False,50,75,85,20,30,40
Alolan Sandshrew,27,1,True,50,75,90,10,35,40
Sandslash,28,1,False,75,100,110,45,55,65
Alolan Sandslash,28,1,True,75,100,120,25,65,65
Nidoran%E2%99%80,29,1,False,55,47,52,40,40,41
Nidorina,30,1,False,70,62,67,55,55,56
Nidoqueen,31,1,False,90,92,87,75,85,76
Nidoran%E2%99%82,32,1,False,46,57,40,40,40,50
Nidorino,33,1,False,61,72,57,55,55,65
Nidoking,34,1,False,81,102,77,85,75,85
Clefairy,35,1,False,70,45,48,60,65,35
Clefable,36,1,False,95,70,73,95,90,60
Vulpix,37,1,False,38,41,40,50,65,65
Alolan Vulpix,37,1,True,38,41,40,50,65,65
Ninetales,38,1,False,73,76,75,81,100,100
Alolan Ninetales,38,1,True,73,67,75,81,100,109
Jigglypuff,39,1,False,115,45,20,45,25,20
Wigglytuff,40,1,False,140,70,45,85,50,45
Zubat,41,1,False,40,45,35,30,40,55
Golbat,42,1,False,75,80,70,65,75,90
Oddish,43,1,False,45,50,55,75,65,30
Gloom,44,1,False,60,65,70,85,75,40
Vileplume,45,1,False,75,80,85,110,90,50
Paras,46,1,False,35,70,55,45,55,25
Parasect,47,1,False,60,95,80,60,80,30
Venonat,48,1,False,60,55,50,40,55,45
Venomoth,49,1,False,70,65,60,90,75,90
Diglett,50,1,False,10,55,25,35,45,95
Alolan Diglett,50,1,True,10,55,30,35,45,90
Dugtrio,51,1,False,35,100,50,50,70,120
Alolan Dugtrio,51,1,True,35,100,60,50,70,110
Meowth,52,1,False,40,45,35,40,40,90
Alolan Meowth,52,1,True,40,35,35,50,40,90
Persian,53,1,False,65,70,60,65,65,115
Alolan Persian,53,1,True,65,60,60,75,65,115
Psyduck,54,1,False,50,52,48,65,50,55
Golduck,55,1,False,80,82,78,95,80,85
Mankey,56,1,False,40,80,35,35,45,70
Primeape,57,1,False,65,105,60,60,70,95
Growlithe,58,1,False,55,70,45,70,50,60
Arcanine,59,1,False,90,110,80,100,80,95
Poliwag,60,1,False,40,50,40,40,40,90
Poliwhirl,61,1,False,65,65,65,50,50,90
Poliwrath,62,1,False,90,95,95,70,90,70
Abra,63,1,False,25,20,15,105,55,90
Kadabra,64,1,False,40,35,30,120,70,105
Alakazam,65,1,False,55,50,45,135,95,120
Mega Alakazam,65,1,True,55,50,65,175,105,150
Machop,66,1,False,70,80,50,35,35,35
Machoke,67,1,False,80,100,70,50,60,45
Machamp,68,1,False,90,130,80,65,85,55
Bellsprout,69,1,False,50,75,35,70,30,40
Weepinbell,70,1,False,65,90,50,85,45,55
Victreebel,71,1,False,80,105,65,100,70,70
Tentacool,72,1,False,40,40,35,50,100,70
Tentacruel,73,1,False,80,70,65,80,120,100
Geodude,74,1,False,40,80,100,30,30,20
Alolan Geodude,74,1,True,40,80,100,30,30,20
Graveler,75,1,False,55,95,115,45,45,35
Alolan Graveler,75,1,True,55,95,115,45,45,35
Golem,76,1,False,80,120,130,55,65,45
Alolan Golem,76,1,True,80,120,130,55,65,45
Ponyta,77,1,False,50,85,55,65,65,90
Rapidash,78,1,False,65,100,70,80,80,105
Slowpoke,79,1,False,90,65,65,40,40,15
Slowbro,80,1,False,95,75,110,100,80,30
Mega Slowbro,80,1,True,95,75,180,130,80,30
Magnemite,81,1,False,25,35,70,95,55,45
Magneton,82,1,False,50,60,95,120,70,70
Farfetch%27d,83,1,False,52,90,55,58,62,60
Doduo,84,1,False,35,85,45,35,35,75
Dodrio,85,1,False,60,110,70,60,60,110
Seel,86,1,False,65,45,55,45,70,45
Dewgong,87,1,False,90,70,80,70,95,70
Grimer,88,1,False,80,80,50,40,50,25
Alolan Grimer,88,1,True,80,80,50,40,50,25
Muk,89,1,False,105,105,75,65,100,50
Alolan Muk,89,1,True,105,105,75,65,100,50
Shellder,90,1,False,30,65,100,45,25,40
Cloyster,91,1,False,50,95,180,85,45,70
Gastly,92,1,False,30,35,30,100,35,80
Haunter,93,1,False,45,50,45,115,55,95
Gengar,94,1,False,60,65,60,130,75,110
Mega Gengar,94,1,True,60,65,80,170,95,130
Onix,95,1,False,35,45,160,30,45,70
Drowzee,96,1,False,60,48,45,43,90,42
Hypno,97,1,False,85,73,70,73,115,67
Krabby,98,1,False,30,105,90,25,25,50
Kingler,99,1,False,55,130,115,50,50,75
Voltorb,100,1,False,40,30,50,55,55,100
Electrode,101,1,False,60,50,70,80,80,150
Exeggcute,102,1,False,60,40,80,60,45,40
Exeggutor,103,1,False,95,95,85,125,75,55
Alolan Exeggutor,103,1,True,95,105,85,125,75,45
Cubone,104,1,False,50,50,95,40,50,35
Marowak,105,1,False,60,80,110,50,80,45
Alolan Marowak,105,1,True,60,80,110,50,80,45
Hitmonlee,106,1,False,50,120,53,35,110,87
Hitmonchan,107,1,False,50,105,79,35,110,76
Lickitung,108,1,False,90,55,75,60,75,30
Koffing,109,1,False,40,65,95,60,45,35
Weezing,110,1,False,65,90,120,85,70,60
Rhyhorn,111,1,False,80,85,95,30,30,25
Rhydon,112,1,False,105,130,120,45,45,40
Chansey,113,1,False,250,5,5,35,105,50
Tangela,114,1,False,65,55,115,100,40,60
Kangaskhan,115,1,False,105,95,80,40,80,90
Mega Kangaskhan,115,1,True,105,125,100,60,100,100
Horsea,116,1,False,30,40,70,70,25,60
Seadra,117,1,False,55,65,95,95,45,85
Goldeen,118,1,False,45,67,60,35,50,63
Seaking,119,1,False,80,92,65,65,80,68
Staryu,120,1,False,30,45,55,70,55,85
Starmie,121,1,False,60,75,85,100,85,115
Mr.,122,1,False,40,45,65,100,120,90
Scyther,123,1,False,70,110,80,55,80,105
Jynx,124,1,False,65,50,35,115,95,95
Electabuzz,125,1,False,65,83,57,95,85,105
Magmar,126,1,False,65,95,57,100,85,93
Pinsir,127,1,False,65,125,100,55,70,85
Mega Pinsir,127,1,True,65,155,120,65,90,105
Tauros,128,1,False,75,100,95,40,70,110
Magikarp,129,1,False,20,10,55,15,20,80
Gyarados,130,1,False,95,125,79,60,100,81
Mega Gyarados,130,1,True,95,155,109,70,130,81
Lapras,131,1,False,130,85,80,85,95,60
Ditto,132,1,False,48,48,48,48,48,48
Eevee,133,1,False,55,55,50,45,65,55
Vaporeon,134,1,False,130,65,60,110,95,65
Jolteon,135,1,False,65,65,60,110,95,130
Flareon,136,1,False,65,130,60,95,110,65
Porygon,137,1,False,65,60,70,85,75,40
Omanyte,138,1,False,35,40,100,90,55,35
Omastar,139,1,False,70,60,125,115,70,55
Kabuto,140,1,False,30,80,90,55,45,55
Kabutops,141,1,False,60,115,105,65,70,80
Aerodactyl,142,1,False,80,105,65,60,75,130
Mega Aerodactyl,142,1,True,80,135,85,70,95,150
Snorlax,143,1,False,160,110,65,65,110,30
Articuno,144,1,False,90,85,100,95,125,85
Zapdos,145,1,False,90,90,85,125,90,100
Moltres,146,1,False,90,100,90,125,85,90
Dratini,147,1,False,41,64,45,50,50,50
Dragonair,148,1,False,61,84,65,70,70,70
Dragonite,149,1,False,91,134,95,100,100,80
Mewtwo,150,1,False,106,110,90,154,90,130
Mega Mewtwo X,150,1,True,106,190,100,154,100,130
Mega Mewtwo Y,150,1,True,106,150,70,194,120,140
Mew,151,1,False,100,100,100,100,100,100
Chikorita,152,2,False,45,49,65,49,65,45
Bayleef,153,2,False,60,62,80,63,80,60
Meganium,154,2,False,80,82,100,83,100,80
Cyndaquil,155,2,False,39,52,43,60,50,65
Quilava,156,2,False,58,64,58,80,65,80
Typhlosion,157,2,False,78,84,78,109,85,100
Totodile,158,2,False,50,65,64,44,48,43
Croconaw,159,2,False,65,80,80,59,63,58
Feraligatr,160,2,False,85,105,100,79,83,78
Sentret,161,2,False,35,46,34,35,45,20
Furret,162,2,False,85,76,64,45,55,90
Hoothoot,163,2,False,60,30,30,36,56,50
Noctowl,164,2,False,100,50,50,86,96,70
Ledyba,165,2,False,40,20,30,40,80,55
Ledian,166,2,False,55,35,50,55,110,85
Spinarak,167,2,False,40,60,40,40,40,30
Ariados,168,2,False,70,90,70,60,70,40
Crobat,169,2,False,85,90,80,70,80,130
Chinchou,170,2,False,75,38,38,56,56,67
Lanturn,171,2,False,125,58,58,76,76,67
Pichu,172,2,False,20,40,15,35,35,60
Cleffa,173,2,False,50,25,28,45,55,15
Igglybuff,174,2,False,90,30,15,40,20,15
Togepi,175,2,False,35,20,65,40,65,20
Togetic,176,2,False,55,40,85,80,105,40
Natu,177,2,False,40,50,45,70,45,70
Xatu,178,2,False,65,75,70,95,70,95
Mareep,179,2,False,55,40,40,65,45,35
Flaaffy,180,2,False,70,55,55,80,60,45
Ampharos,181,2,False,90,75,85,115,90,55
Mega Ampharos,181,2,True,90,95,105,165,110,45
Bellossom,182,2,False,75,80,95,90,100,50
Marill,183,2,False,70,20,50,20,50,40
Azumarill,184,2,False,100,50,80,60,80,50
Sudowoodo,185,2,False,70,100,115,30,65,30
Politoed,186,2,False,90,75,75,90,100,70
Hoppip,187,2,False,35,35,40,35,55,50
Skiploom,188,2,False,55,45,50,45,65,80
Jumpluff,189,2,False,75,55,70,55,95,110
Aipom,190,2,False,55,70,55,40,55,85
Sunkern,191,2,False,30,30,30,30,30,30
Sunflora,192,2,False,75,75,55,105,85,30
Yanma,193,2,False,65,65,45,75,45,95
Wooper,194,2,False,55,45,45,25,25,15
Quagsire,195,2,False,95,85,85,65,65,35
Espeon,196,2,False,65,65,60,130,95,110
Umbreon,197,2,False,95,65,110,60,130,65
Murkrow,198,2,False,60,85,42,85,42,91
Slowking,199,2,False,95,75,80,100,110,30
Misdreavus,200,2,False,60,60,60,85,85,85
Unown,201,2,False,48,72,48,72,48,48
Wobbuffet,202,2,False,190,33,58,33,58,33
Girafarig,203,2,False,70,80,65,90,65,85
Pineco,204,2,False,50,65,90,35,35,15
Forretress,205,2,False,75,90,140,60,60,40
Dunsparce,206,2,False,100,70,70,65,65,45
Gligar,207,2,False,65,75,105,35,65,85
Steelix,208,2,False,75,85,200,55,65,30
Mega Steelix,208,2,True,75,125,230,55,95,30
Snubbull,209,2,False,60,80,50,40,40,30
Granbull,210,2,False,90,120,75,60,60,45
Qwilfish,211,2,False,65,95,85,55,55,85
Scizor,212,2,False,70,130,100,55,80,65
Mega Scizor,212,2,True,70,150,140,65,100,75
Shuckle,213,2,False,20,10,230,10,230,5
Heracross,214,2,False,80,125,75,40,95,85
Mega Heracross,214,2,True,80,185,115,40,105,75
Sneasel,215,2,False,55,95,55,35,75,115
Teddiursa,216,2,False,60,80,50,50,50,40
Ursaring,217,2,False,90,130,75,75,75,55
Slugma,218,2,False,40,40,40,70,40,20
Magcargo,219,2,False,60,50,120,90,80,30
Swinub,220,2,False,50,50,40,30,30,50
Piloswine,221,2,False,100,100,80,60,60,50
Corsola,222,2,False,65,55,95,65,95,35
Remoraid,223,2,False,35,65,35,65,35,65
Octillery,224,2,False,75,105,75,105,75,45
Delibird,225,2,False,45,55,45,65,45,75
Mantine,226,2,False,85,40,70,80,140,70
Skarmory,227,2,False,65,80,140,40,70,70
Houndour,228,2,False,45,60,30,80,50,65
Houndoom,229,2,False,75,90,50,110,80,95
Mega Houndoom,229,2,True,75,90,90,140,90,115
Kingdra,230,2,False,75,95,95,95,95,85
Phanpy,231,2,False,90,60,60,40,40,40
Donphan,232,2,False,90,120,120,60,60,50
Porygon2,233,2,False,85,80,90,105,95,60
Stantler,234,2,False,73,95,62,85,65,85
Smeargle,235,2,False,55,20,35,20,45,75
Tyrogue,236,2,False,35,35,35,35,35,35
Hitmontop,237,2,False,50,95,95,35,110,70
Smoochum,238,2,False,45,30,15,85,65,65
Elekid,239,2,False,45,63,37,65,55,95
Magby,240,2,False,45,75,37,70,55,83
Miltank,241,2,False,95,80,105,40,70,100
Blissey,242,2,False,255,10,10,75,135,55
Raikou,243,2,False,90,85,75,115,100,115
Entei,244,2,False,115,115,85,90,75,100
Suicune,245,2,False,100,75,115,90,115,85
Larvitar,246,2,False,50,64,50,45,50,41
Pupitar,247,2,False,70,84,70,65,70,51
Tyranitar,248,2,False,100,134,110,95,100,61
Mega Tyranitar,248,2,True,100,164,150,95,120,71
Lugia,249,2,False,106,90,130,90,154,110
Ho-Oh,250,2,False,106,130,90,110,154,90
Celebi,251,2,False,100,100,100,100,100,100
Treecko,252,3,False,40,45,35,65,55,70
Grovyle,253,3,False,50,65,45,85,65,95
Sceptile,254,3,False,70,85,65,105,85,120
Mega Sceptile,254,3,True,70,110,75,145,85,145
Torchic,255,3,False,45,60,40,70,50,45
Combusken,256,3,False,60,85,60,85,60,55
Blaziken,257,3,False,80,120,70,110,70,80
Mega Blaziken,257,3,True,80,160,80,130,80,100
Mudkip,258,3,False,50,70,50,50,50,40
Marshtomp,259,3,False,70,85,70,60,70,50
Swampert,260,3,False,100,110,90,85,90,60
Mega Swampert,260,3,True,100,150,110,95,110,70
Poochyena,261,3,False,35,55,35,30,30,35
Mightyena,262,3,False,70,90,70,60,60,70
Zigzagoon,263,3,False,38,30,41,30,41,60
Linoone,264,3,False,78,70,61,50,61,100
Wurmple,265,3,False,45,45,35,20,30,20
Silcoon,266,3,False,50,35,55,25,25,15
Beautifly,267,3,False,60,70,50,100,50,65
Cascoon,268,3,False,50,35,55,25,25,15
Dustox,269,3,False,60,50,70,50,90,65
Lotad,270,3,False,40,30,30,40,50,30
Lombre,271,3,False,60,50,50,60,70,50
Ludicolo,272,3,False,80,70,70,90,100,70
Seedot,273,3,False,40,40,50,30,30,30
Nuzleaf,274,3,False,70,70,40,60,40,60
Shiftry,275,3,False,90,100,60,90,60,80
Taillow,276,3,False,40,55,30,30,30,85
Swellow,277,3,False,60,85,60,75,50,125
Wingull,278,3,False,40,30,30,55,30,85
Pelipper,279,3,False,60,50,100,95,70,65
Ralts,280,3,False,28,25,25,45,35,40
Kirlia,281,3,False,38,35,35,65,55,50
Gardevoir,282,3,False,68,65,65,125,115,80
Mega Gardevoir,282,3,True,68,85,65,165,135,100
Surskit,283,3,False,40,30,32,50,52,65
Masquerain,284,3,False,70,60,62,100,82,80
Shroomish,285,3,False,60,40,60,40,60,35
Breloom,286,3,False,60,130,80,60,60,70
Slakoth,287,3,False,60,60,60,35,35,30
Vigoroth,288,3,False,80,80,80,55,55,90
Slaking,289,3,False,150,160,100,95,65,100
Nincada,290,3,False,31,45,90,30,30,40
Ninjask,291,3,False,61,90,45,50,50,160
Shedinja,292,3,False,1,90,45,30,30,40
Whismur,293,3,False,64,51,23,51,23,28
Loudred,294,3,False,84,71,43,71,43,48
Exploud,295,3,False,104,91,63,91,73,68
Makuhita,296,3,False,72,60,30,20,30,25
Hariyama,297,3,False,144,120,60,40,60,50
Azurill,298,3,False,50,20,40,20,40,20
Nosepass,299,3,False,30,45,135,45,90,30
Skitty,300,3,False,50,45,45,35,35,50
Delcatty,301,3,False,70,65,65,55,55,90
Sableye,302,3,False,50,75,75,65,65,50
Mega Sableye,302,3,True,50,85,125,85,115,20
Mawile,303,3,False,50,85,85,55,55,50
Mega Mawile,303,3,True,50,105,125,55,95,50
Aron,304,3,False,50,70,100,40,40,30
Lairon,305,3,False,60,90,140,50,50,40
Aggron,306,3,False,70,110,180,60,60,50
Mega Aggron,306,3,True,70,140,230,60,80,50
Meditite,307,3,False,30,40,55,40,55,60
Medicham,308,3,False,60,60,75,60,75,80
Mega Medicham,308,3,True,60,100,85,80,85,100
Electrike,309,3,False,40,45,40,65,40,65
Manectric,310,3,False,70,75,60,105,60,105
Mega Manectric,310,3,True,70,75,80,135,80,135
Plusle,311,3,False,60,50,40,85,75,95
Minun,312,3,False,60,40,50,75,85,95
Volbeat,313,3,False,65,73,75,47,85,85
Illumise,314,3,False,65,47,75,73,85,85
Roselia,315,3,False,50,60,45,100,80,65
Gulpin,316,3,False,70,43,53,43,53,40
Swalot,317,3,False,100,73,83,73,83,55
Carvanha,318,3,False,45,90,20,65,20,65
Sharpedo,319,3,False,70,120,40,95,40,95
Mega Sharpedo,319,3,True,70,140,70,110,65,105
Wailmer,320,3,False,130,70,35,70,35,60
Wailord,321,3,False,170,90,45,90,45,60
Numel,322,3,False,60,60,40,65,45,35
Camerupt,323,3,False,70,100,70,105,75,40
Mega Camerupt,323,3,True,70,120,100,145,105,20
Torkoal,324,3,False,70,85,140,85,70,20
Spoink,325,3,False,60,25,35,70,80,60
Grumpig,326,3,False,80,45,65,90,110,80
Spinda,327,3,False,60,60,60,60,60,60
Trapinch,328,3,False,45,100,45,45,45,10
Vibrava,329,3,False,50,70,50,50,50,70
Flygon,330,3,False,80,100,80,80,80,100
Cacnea,331,3,False,50,85,40,85,40,35
Cacturne,332,3,False,70,115,60,115,60,55
Swablu,333,3,False,45,40,60,40,75,50
Altaria,334,3,False,75,70,90,70,105,80
Mega Altaria,334,3,True,75,110,110,110,105,80
Zangoose,335,3,False,73,115,60,60,60,90
Seviper,336,3,False,73,100,60,100,60,65
Lunatone,337,3,False,90,55,65,95,85,70
Solrock,338,3,False,90,95,85,55,65,70
Barboach,339,3,False,50,48,43,46,41,60
Whiscash,340,3,False,110,78,73,76,71,60
Corphish,341,3,False,43,80,65,50,35,35
Crawdaunt,342,3,False,63,120,85,90,55,55
Baltoy,343,3,False,40,40,55,40,70,55
Claydol,344,3,False,60,70,105,70,120,75
Lileep,345,3,False,66,41,77,61,87,23
Cradily,346,3,False,86,81,97,81,107,43
Anorith,347,3,False,45,95,50,40,50,75
Armaldo,348,3,False,75,125,100,70,80,45
Feebas,349,3,False,20,15,20,10,55,80
Milotic,350,3,False,95,60,79,100,125,81
Castform,351,3,False,70,70,70,70,70,70
Kecleon,352,3,False,60,90,70,60,120,40
Shuppet,353,3,False,44,75,35,63,33,45
Banette,354,3,False,64,115,65,83,63,65
Mega Banette,354,3,True,64,165,75,93,83,75
Duskull,355,3,False,20,40,90,30,90,25
Dusclops,356,3,False,40,70,130,60,130,25
Tropius,357,3,False,99,68,83,72,87,51
Chimecho,358,3,False,75,50,80,95,90,65
Absol,359,3,False,65,130,60,75,60,75
Mega Absol,359,3,True,65,150,60,115,60,115
Wynaut,360,3,False,95,23,48,23,48,23
Snorunt,361,3,False,50,50,50,50,50,50
Glalie,362,3,False,80,80,80,80,80,80
Mega Glalie,362,3,True,80,120,80,120,80,100
Spheal,363,3,False,70,40,50,55,50,25
Sealeo,364,3,False,90,60,70,75,70,45
Walrein,365,3,False,110,80,90,95,90,65
Clamperl,366,3,False,35,64,85,74,55,32
Huntail,367,3,False,55,104,105,94,75,52
Gorebyss,368,3,False,55,84,105,114,75,52
Relicanth,369,3,False,100,90,130,45,65,55
Luvdisc,370,3,False,43,30,55,40,65,97
Bagon,371,3,False,45,75,60,40,30,50
Shelgon,372,3,False,65,95,100,60,50,50
Salamence,373,3,False,95,135,80,110,80,100
Mega Salamence,373,3,True,95,145,130,120,90,120
Beldum,374,3,False,40,55,80,35,60,30
Metang,375,3,False,60,75,100,55,80,50
Metagross,376,3,False,80,135,130,95,90,70
Mega Metagross,376,3,True,80,145,150,105,110,110
Regirock,377,3,False,80,100,200,50,100,50
Regice,378,3,False,80,50,100,100,200,50
Registeel,379,3,False,80,75,150,75,150,50
Latias,380,3,False,80,80,90,110,130,110
Mega Latias,380,3,True,80,100,120,140,150,110
Latios,381,3,False,80,90,80,130,110,110
Mega Latios,381,3,True,80,130,100,160,120,110
Kyogre,382,3,False,100,100,90,150,140,90
Primal Kyogre,382,3,True,100,150,90,180,160,90
Groudon,383,3,False,100,150,140,100,90,90
Primal Groudon,383,3,True,100,180,160,150,90,90
Rayquaza,384,3,False,105,150,90,150,90,95
Mega Rayquaza,384,3,True,105,180,100,180,100,115
Jirachi,385,3,False,100,100,100,100,100,100
Normal Forme,386,3,True,50,150,50,150,50,150
Attack Forme,386,3,True,50,180,20,180,20,150
Defense Forme,386,3,True,50,70,160,70,160,90
Speed Forme,386,3,True,50,95,90,95,90,180
Turtwig,387,4,False,55,68,64,45,55,31
Grotle,388,4,False,75,89,85,55,65,36
Torterra,389,4,False,95,109,105,75,85,56
Chimchar,390,4,False,44,58,44,58,44,61
Monferno,391,4,False,64,78,52,78,52,81
Infernape,392,4,False,76,104,71,104,71,108
Piplup,393,4,False,53,51,53,61,56,40
Prinplup,394,4,False,64,66,68,81,76,50
Empoleon,395,4,False,84,86,88,111,101,60
Starly,396,4,False,40,55,30,30,30,60
Staravia,397,4,False,55,75,50,40,40,80
Staraptor,398,4,False,85,120,70,50,60,100
Bidoof,399,4,False,59,45,40,35,40,31
Bibarel,400,4,False,79,85,60,55,60,71
Kricketot,401,4,False,37,25,41,25,41,25
Kricketune,402,4,False,77,85,51,55,51,65
Shinx,403,4,False,45,65,34,40,34,45
Luxio,404,4,False,60,85,49,60,49,60
Luxray,405,4,False,80,120,79,95,79,70
Budew,406,4,False,40,30,35,50,70,55
Roserade,407,4,False,60,70,65,125,105,90
Cranidos,408,4,False,67,125,40,30,30,58
Rampardos,409,4,False,97,165,60,65,50,58
Shieldon,410,4,False,30,42,118,42,88,30
Bastiodon,411,4,False,60,52,168,47,138,30
Burmy,412,4,False,40,29,45,29,45,36
Plant Cloak,413,4,True,60,59,85,79,105,36
Sandy Cloak,413,4,True,60,79,105,59,85,36
Trash Cloak,413,4,True,60,69,95,69,95,36
Mothim,414,4,False,70,94,50,94,50,66
Combee,415,4,False,30,30,42,30,42,70
Vespiquen,416,4,False,70,80,102,80,102,40
Pachirisu,417,4,False,60,45,70,45,90,95
Buizel,418,4,False,55,65,35,60,30,85
Floatzel,419,4,False,85,105,55,85,50,115
Cherubi,420,4,False,45,35,45,62,53,35
Cherrim,421,4,False,70,60,70,87,78,85
Shellos,422,4,False,76,48,48,57,62,34
Gastrodon,423,4,False,111,83,68,92,82,39
Ambipom,424,4,False,75,100,66,60,66,115
Drifloon,425,4,False,90,50,34,60,44,70
Drifblim,426,4,False,150,80,44,90,54,80
Buneary,427,4,False,55,66,44,44,56,85
Lopunny,428,4,False,65,76,84,54,96,105
Mega Lopunny,428,4,True,65,136,94,54,96,135
Mismagius,429,4,False,60,60,60,105,105,105
Honchkrow,430,4,False,100,125,52,105,52,71
Glameow,431,4,False,49,55,42,42,37,85
Purugly,432,4,False,71,82,64,64,59,112
Chingling,433,4,False,45,30,50,65,50,45
Stunky,434,4,False,63,63,47,41,41,74
Skuntank,435,4,False,103,93,67,71,61,84
Bronzor,436,4,False,57,24,86,24,86,23
Bronzong,437,4,False,67,89,116,79,116,33
Bonsly,438,4,False,50,80,95,10,45,10
Mime,439,4,False,20,25,45,70,90,60
Happiny,440,4,False,100,5,5,15,65,30
Chatot,441,4,False,76,65,45,92,42,91
Spiritomb,442,4,False,50,92,108,92,108,35
Gible,443,4,False,58,70,45,40,45,42
Gabite,444,4,False,68,90,65,50,55,82
Garchomp,445,4,False,108,130,95,80,85,102
Mega Garchomp,445,4,True,108,170,115,120,95,92
Munchlax,446,4,False,135,85,40,40,85,5
Riolu,447,4,False,40,70,40,35,40,60
Lucario,448,4,False,70,110,70,115,70,90
Mega Lucario,448,4,True,70,145,88,140,70,112
Hippopotas,449,4,False,68,72,78,38,42,32
Hippowdon,450,4,False,108,112,118,68,72,47
Skorupi,451,4,False,40,50,90,30,55,65
Drapion,452,4,False,70,90,110,60,75,95
Croagunk,453,4,False,48,61,40,61,40,50
Toxicroak,454,4,False,83,106,65,86,65,85
Carnivine,455,4,False,74,100,72,90,72,46
Finneon,456,4,False,49,49,56,49,61,66
Lumineon,457,4,False,69,69,76,69,86,91
Mantyke,458,4,False,45,20,50,60,120,50
Snover,459,4,False,60,62,50,62,60,40
Abomasnow,460,4,False,90,92,75,92,85,60
Mega Abomasnow,460,4,True,90,132,105,132,105,30
Weavile,461,4,False,70,120,65,45,85,125
Magnezone,462,4,False,70,70,115,130,90,60
Lickilicky,463,4,False,110,85,95,80,95,50
Rhyperior,464,4,False,115,140,130,55,55,40
Tangrowth,465,4,False,100,100,125,110,50,50
Electivire,466,4,False,75,123,67,95,85,95
Magmortar,467,4,False,75,95,67,125,95,83
Togekiss,468,4,False,85,50,95,120,115,80
Yanmega,469,4,False,86,76,86,116,56,95
Leafeon,470,4,False,65,110,130,60,65,95
Glaceon,471,4,False,65,60,110,130,95,65
Gliscor,472,4,False,75,95,125,45,75,95
Mamoswine,473,4,False,110,130,80,70,60,80
Porygon-Z,474,4,False,85,80,70,135,75,90
Gallade,475,4,False,68,125,65,65,115,80
Mega Gallade,475,4,True,68,165,95,65,115,110
Probopass,476,4,False,60,55,145,75,150,40
Dusknoir,477,4,False,45,100,135,65,135,45
Froslass,478,4,False,70,80,70,80,70,110
Rotom,479,4,False,50,50,77,95,77,91
Heat Rotom,479,4,True,50,65,107,105,107,86
Wash Rotom,479,4,True,50,65,107,105,107,86
Frost Rotom,479,4,True,50,65,107,105,107,86
Fan Rotom,479,4,True,50,65,107,105,107,86
Mow Rotom,479,4,True,50,65,107,105,107,86
Uxie,480,4,False,75,75,130,75,130,95
Mesprit,481,4,False,80,105,105,105,105,80
Azelf,482,4,False,75,125,70,125,70,115
Dialga,483,4,False,100,120,120,150,100,90
Palkia,484,4,False,90,120,100,150,120,100
Heatran,485,4,False,91,90,106,130,106,77
Regigigas,486,4,False,110,160,110,80,110,100
Altered Forme,487,4,True,150,100,120,100,120,90
Origin Forme,487,4,True,150,120,100,120,100,90
Cresselia,488,4,False,120,70,120,75,130,85
Phione,489,4,False,80,80,80,80,80,80
Manaphy,490,4,False,100,100,100,100,100,100
Darkrai,491,4,False,70,90,90,135,90,125
Land Forme,492,4,True,100,100,100,100,100,100
Sky Forme,492,4,True,100,103,75,120,75,127
Arceus,493,4,False,120,120,120,120,120,120
Victini,494,4,False,100,100,100,100,100,100
Snivy,495,5,False,45,45,55,45,55,63
Servine,496,5,False,60,60,75,60,75,83
Serperior,497,5,False,75,75,95,75,95,113
Tepig,498,5,False,65,63,45,45,45,45
Pignite,499,5,False,90,93,55,70,55,55
Emboar,500,5,False,110,123,65,100,65,65
Oshawott,501,5,False,55,55,45,63,45,45
Dewott,502,5,False,75,75,60,83,60,60
Samurott,503,5,False,95,100,85,108,70,70
Patrat,504,5,False,45,55,39,35,39,42
Watchog,505,5,False,60,85,69,60,69,77
Lillipup,506,5,False,45,60,45,25,45,55
Herdier,507,5,False,65,80,65,35,65,60
Stoutland,508,5,False,85,110,90,45,90,80
Purrloin,509,5,False,41,50,37,50,37,66
Liepard,510,5,False,64,88,50,88,50,106
Pansage,511,5,False,50,53,48,53,48,64
Simisage,512,5,False,75,98,63,98,63,101
Pansear,513,5,False,50,53,48,53,48,64
Simisear,514,5,False,75,98,63,98,63,101
Panpour,515,5,False,50,53,48,53,48,64
Simipour,516,5,False,75,98,63,98,63,101
Munna,517,5,False,76,25,45,67,55,24
Musharna,518,5,False,116,55,85,107,95,29
Pidove,519,5,False,50,55,50,36,30,43
Tranquill,520,5,False,62,77,62,50,42,65
Unfezant,521,5,False,80,115,80,65,55,93
Blitzle,522,5,False,45,60,32,50,32,76
Zebstrika,523,5,False,75,100,63,80,63,116
Roggenrola,524,5,False,55,75,85,25,25,15
Boldore,525,5,False,70,105,105,50,40,20
Gigalith,526,5,False,85,135,130,60,80,25
Woobat,527,5,False,65,45,43,55,43,72
Swoobat,528,5,False,67,57,55,77,55,114
Drilbur,529,5,False,60,85,40,30,45,68
Excadrill,530,5,False,110,135,60,50,65,88
Audino,531,5,False,103,60,86,60,86,50
Mega Audino,531,5,True,103,60,126,80,126,50
Timburr,532,5,False,75,80,55,25,35,35
Gurdurr,533,5,False,85,105,85,40,50,40
Conkeldurr,534,5,False,105,140,95,55,65,45
Tympole,535,5,False,50,50,40,50,40,64
Palpitoad,536,5,False,75,65,55,65,55,69
Seismitoad,537,5,False,105,95,75,85,75,74
Throh,538,5,False,120,100,85,30,85,45
Sawk,539,5,False,75,125,75,30,75,85
Sewaddle,540,5,False,45,53,70,40,60,42
Swadloon,541,5,False,55,63,90,50,80,42
Leavanny,542,5,False,75,103,80,70,80,92
Venipede,543,5,False,30,45,59,30,39,57
Whirlipede,544,5,False,40,55,99,40,79,47
Scolipede,545,5,False,60,100,89,55,69,112
Cottonee,546,5,False,40,27,60,37,50,66
Whimsicott,547,5,False,60,67,85,77,75,116
Petilil,548,5,False,45,35,50,70,50,30
Lilligant,549,5,False,70,60,75,110,75,90
Basculin,550,5,False,70,92,65,80,55,98
Sandile,551,5,False,50,72,35,35,35,65
Krokorok,552,5,False,60,82,45,45,45,74
Krookodile,553,5,False,95,117,80,65,70,92
Darumaka,554,5,False,70,90,45,15,45,50
Standard Mode,555,5,True,105,140,55,30,55,95
Zen Mode,555,5,True,105,30,105,140,105,55
Maractus,556,5,False,75,86,67,106,67,60
Dwebble,557,5,False,50,65,85,35,35,55
Crustle,558,5,False,70,105,125,65,75,45
Scraggy,559,5,False,50,75,70,35,70,48
Scrafty,560,5,False,65,90,115,45,115,58
Sigilyph,561,5,False,72,58,80,103,80,97
Yamask,562,5,False,38,30,85,55,65,30
Cofagrigus,563,5,False,58,50,145,95,105,30
Tirtouga,564,5,False,54,78,103,53,45,22
Carracosta,565,5,False,74,108,133,83,65,32
Archen,566,5,False,55,112,45,74,45,70
Archeops,567,5,False,75,140,65,112,65,110
Trubbish,568,5,False,50,50,62,40,62,65
Garbodor,569,5,False,80,95,82,60,82,75
Zorua,570,5,False,40,65,40,80,40,65
Zoroark,571,5,False,60,105,60,120,60,105
Minccino,572,5,False,55,50,40,40,40,75
Cinccino,573,5,False,75,95,60,65,60,115
Gothita,574,5,False,45,30,50,55,65,45
Gothorita,575,5,False,60,45,70,75,85,55
Gothitelle,576,5,False,70,55,95,95,110,65
Solosis,577,5,False,45,30,40,105,50,20
Duosion,578,5,False,65,40,50,125,60,30
Reuniclus,579,5,False,110,65,75,125,85,30
Ducklett,580,5,False,62,44,50,44,50,55
Swanna,581,5,False,75,87,63,87,63,98
Vanillite,582,5,False,36,50,50,65,60,44
Vanillish,583,5,False,51,65,65,80,75,59
Vanilluxe,584,5,False,71,95,85,110,95,79
Deerling,585,5,False,60,60,50,40,50,75
Sawsbuck,586,5,False,80,100,70,60,70,95
Emolga,587,5,False,55,75,60,75,60,103
Karrablast,588,5,False,50,75,45,40,45,60
Escavalier,589,5,False,70,135,105,60,105,20
Foongus,590,5,False,69,55,45,55,55,15
Amoonguss,591,5,False,114,85,70,85,80,30
Frillish,592,5,False,55,40,50,65,85,40
Jellicent,593,5,False,100,60,70,85,105,60
Alomomola,594,5,False,165,75,80,40,45,65
Joltik,595,5,False,50,47,50,57,50,65
Galvantula,596,5,False,70,77,60,97,60,108
Ferroseed,597,5,False,44,50,91,24,86,10
Ferrothorn,598,5,False,74,94,131,54,116,20
Klink,599,5,False,40,55,70,45,60,30
Klang,600,5,False,60,80,95,70,85,50
Klinklang,601,5,False,60,100,115,70,85,90
Tynamo,602,5,False,35,55,40,45,40,60
Eelektrik,603,5,False,65,85,70,75,70,40
Eelektross,604,5,False,85,115,80,105,80,50
Elgyem,605,5,False,55,55,55,85,55,30
Beheeyem,606,5,False,75,75,75,125,95,40
Litwick,607,5,False,50,30,55,65,55,20
Lampent,608,5,False,60,40,60,95,60,55
Chandelure,609,5,False,60,55,90,145,90,80
Axew,610,5,False,46,87,60,30,40,57
Fraxure,611,5,False,66,117,70,40,50,67
Haxorus,612,5,False,76,147,90,60,70,97
Cubchoo,613,5,False,55,70,40,60,40,40
Beartic,614,5,False,95,130,80,70,80,50
Cryogonal,615,5,False,80,50,50,95,135,105
Shelmet,616,5,False,50,40,85,40,65,25
Accelgor,617,5,False,80,70,40,100,60,145
Stunfisk,618,5,False,109,66,84,81,99,32
Mienfoo,619,5,False,45,85,50,55,50,65
Mienshao,620,5,False,65,125,60,95,60,105
Druddigon,621,5,False,77,120,90,60,90,48
Golett,622,5,False,59,74,50,35,50,35
Golurk,623,5,False,89,124,80,55,80,55
Pawniard,624,5,False,45,85,70,40,40,60
Bisharp,625,5,False,65,125,100,60,70,70
Bouffalant,626,5,False,95,110,95,40,95,55
Rufflet,627,5,False,70,83,50,37,50,60
Braviary,628,5,False,100,123,75,57,75,80
Vullaby,629,5,False,70,55,75,45,65,60
Mandibuzz,630,5,False,110,65,105,55,95,80
Heatmor,631,5,False,85,97,66,105,66,65
Durant,632,5,False,58,109,112,48,48,109
Deino,633,5,False,52,65,50,45,50,38
Zweilous,634,5,False,72,85,70,65,70,58
Hydreigon,635,5,False,92,105,90,125,90,98
Larvesta,636,5,False,55,85,55,50,55,60
Volcarona,637,5,False,85,60,65,135,105,100
Cobalion,638,5,False,91,90,129,90,72,108
Terrakion,639,5,False,91,129,90,72,90,108
Virizion,640,5,False,91,90,72,90,129,108
Incarnate Forme,641,5,True,79,115,70,125,80,111
Therian Forme,641,5,True,79,100,80,110,90,121
Incarnate Forme,642,5,True,79,115,70,125,80,111
Therian Forme,642,5,True,79,105,70,145,80,101
Reshiram,643,5,False,100,120,100,150,120,90
Zekrom,644,5,False,100,150,120,120,100,90
Incarnate Forme,645,5,True,89,125,90,115,80,101
Therian Forme,645,5,True,89,145,90,105,80,91
Normal Kyurem,646,5,True,125,130,90,130,90,95
Black Kyurem,646,5,True,125,170,100,120,90,95
White Kyurem,646,5,True,125,120,90,170,100,95
Keldeo,647,5,False,91,72,90,129,90,108
Aria Forme,648,5,True,100,77,77,128,128,90
Pirouette Forme,648,5,True,100,128,90,77,77,128
Genesect,649,5,False,71,120,95,120,95,99
Chespin,650,6,False,56,61,65,48,45,38
Quilladin,651,6,False,61,78,95,56,58,57
Chesnaught,652,6,False,88,107,122,74,75,64
Fennekin,653,6,False,40,45,40,62,60,60
Braixen,654,6,False,59,59,58,90,70,73
Delphox,655,6,False,75,69,72,114,100,104
Froakie,656,6,False,41,56,40,62,44,71
Frogadier,657,6,False,54,63,52,83,56,97
Greninja,658,6,False,72,95,67,103,71,122
Ash-Greninja,658,6,True,72,145,67,153,71,132
Bunnelby,659,6,False,38,36,38,32,36,57
Diggersby,660,6,False,85,56,77,50,77,78
Fletchling,661,6,False,45,50,43,40,38,62
Fletchinder,662,6,False,62,73,55,56,52,84
Talonflame,663,6,False,78,81,71,74,69,126
Scatterbug,664,6,False,38,35,40,27,25,35
Spewpa,665,6,False,45,22,60,27,30,29
Vivillon,666,6,False,80,52,50,90,50,89
Litleo,667,6,False,62,50,58,73,54,72
Pyroar,668,6,False,86,68,72,109,66,106
Flab%C3%A9b%C3%A9,669,6,False,44,38,39,61,79,42
Floette,670,6,False,54,45,47,75,98,52
Florges,671,6,False,78,65,68,112,154,75
Skiddo,672,6,False,66,65,48,62,57,52
Gogoat,673,6,False,123,100,62,97,81,68
Pancham,674,6,False,67,82,62,46,48,43
Pangoro,675,6,False,95,124,78,69,71,58
Furfrou,676,6,False,75,80,60,65,90,102
Espurr,677,6,False,62,48,54,63,60,68
Meowstic,678,6,False,74,48,76,83,81,104
Honedge,679,6,False,45,80,100,35,37,28
Doublade,680,6,False,59,110,150,45,49,35
Shield Forme,681,6,True,60,50,150,50,150,60
Blade Forme,681,6,True,60,150,50,150,50,60
Spritzee,682,6,False,78,52,60,63,65,23
Aromatisse,683,6,False,101,72,72,99,89,29
Swirlix,684,6,False,62,48,66,59,57,49
Slurpuff,685,6,False,82,80,86,85,75,72
Inkay,686,6,False,53,54,53,37,46,45
Malamar,687,6,False,86,92,88,68,75,73
Binacle,688,6,False,42,52,67,39,56,50
Barbaracle,689,6,False,72,105,115,54,86,68
Skrelp,690,6,False,50,60,60,60,60,30
Dragalge,691,6,False,65,75,90,97,123,44
Clauncher,692,6,False,50,53,62,58,63,44
Clawitzer,693,6,False,71,73,88,120,89,59
Helioptile,694,6,False,44,38,33,61,43,70
Heliolisk,695,6,False,62,55,52,109,94,109
Tyrunt,696,6,False,58,89,77,45,45,48
Tyrantrum,697,6,False,82,121,119,69,59,71
Amaura,698,6,False,77,59,50,67,63,46
Aurorus,699,6,False,123,77,72,99,92,58
Sylveon,700,6,False,95,65,65,110,130,60
Hawlucha,701,6,False,78,92,75,74,63,118
Dedenne,702,6,False,67,58,57,81,67,101
Carbink,703,6,False,50,50,150,50,150,50
Goomy,704,6,False,45,50,35,55,75,40
Sliggoo,705,6,False,68,75,53,83,113,60
Goodra,706,6,False,90,100,70,110,150,80
Klefki,707,6,False,57,80,91,80,87,75
Phantump,708,6,False,43,70,48,50,60,38
Trevenant,709,6,False,85,110,76,65,82,56
Small Size,710,6,True,44,66,70,44,55,56
Average Size,710,6,True,49,66,70,44,55,51
Large Size,710,6,True,54,66,70,44,55,46
Super Size,710,6,True,59,66,70,44,55,41
Small Size,711,6,True,55,85,122,58,75,99
Average Size,711,6,True,65,90,122,58,75,84
Large Size,711,6,True,75,95,122,58,75,69
Super Size,711,6,True,85,100,122,58,75,54
Bergmite,712,6,False,55,69,85,32,35,28
Avalugg,713,6,False,95,117,184,44,46,28
Noibat,714,6,False,40,30,35,45,40,55
Noivern,715,6,False,85,70,80,97,80,123
Xerneas,716,6,False,126,131,95,131,98,99
Yveltal,717,6,False,126,131,95,131,98,99
50% Forme,718,6,True,108,100,121,81,95,95
10% Forme,718,6,True,54,100,71,61,85,115
Complete Forme,718,6,True,216,100,121,91,95,85
Diancie,719,6,False,50,100,150,100,150,50
Mega Diancie,719,6,True,50,160,110,160,110,110
Hoopa Confined,720,6,True,80,110,60,150,130,70
Hoopa Unbound,720,6,True,80,160,60,170,130,80
Volcanion,721,6,False,80,110,120,130,90,70
Rowlet,722,6,False,68,55,55,50,50,42
Dartrix,723,7,False,78,75,75,70,70,52
Decidueye,724,7,False,78,107,75,100,100,70
Litten,725,7,False,45,65,40,60,40,70
Torracat,726,7,False,65,85,50,80,50,90
Incineroar,727,7,False,95,115,90,80,90,60
Popplio,728,7,False,50,54,54,66,56,40
Brionne,729,7,False,60,69,69,91,81,50
Primarina,730,7,False,80,74,74,126,116,60
Pikipek,731,7,False,35,75,30,30,30,65
Trumbeak,732,7,False,55,85,50,40,50,75
Toucannon,733,7,False,80,120,75,75,75,60
Yungoos,734,7,False,48,70,30,30,30,45
Gumshoos,735,7,False,88,110,60,55,60,45
Grubbin,736,7,False,47,62,45,55,45,46
Charjabug,737,7,False,57,82,95,55,75,36
Vikavolt,738,7,False,77,70,90,145,75,43
Crabrawler,739,7,False,47,82,57,42,47,63
Crabominable,740,7,False,97,132,77,62,67,43
Oricorio,741,7,False,75,70,70,98,70,93
Cutiefly,742,7,False,40,45,40,55,40,84
Ribombee,743,7,False,60,55,60,95,70,124
Rockruff,744,7,False,45,65,40,30,40,60
Midday Form,745,7,True,75,115,65,55,65,112
Midnight Form,745,7,True,85,115,75,55,75,82
Solo Form,746,7,True,45,20,20,25,25,40
School Form,746,7,True,45,140,130,140,135,30
Mareanie,747,7,False,50,53,62,43,52,45
Toxapex,748,7,False,50,63,152,53,142,35
Mudbray,749,7,False,70,100,70,45,55,45
Mudsdale,750,7,False,100,125,100,55,85,35
Dewpider,751,7,False,38,40,52,40,72,27
Araquanid,752,7,False,68,70,92,50,132,42
Fomantis,753,7,False,40,55,35,50,35,35
Lurantis,754,7,False,70,105,90,80,90,45
Morelull,755,7,False,40,35,55,65,75,15
Shiinotic,756,7,False,60,45,80,90,100,30
Salandit,757,7,False,48,44,40,71,40,77
Salazzle,758,7,False,68,64,60,111,60,117
Stufful,759,7,False,70,75,50,45,50,50
Bewear,760,7,False,120,125,80,55,60,60
Bounsweet,761,7,False,42,30,38,30,38,32
Steenee,762,7,False,52,40,48,40,48,62
Tsareena,763,7,False,72,120,98,50,98,72
Comfey,764,7,False,51,52,90,82,110,100
Oranguru,765,7,False,90,60,80,90,110,60
Passimian,766,7,False,100,120,90,40,60,80
Wimpod,767,7,False,25,35,40,20,30,80
Golisopod,768,7,False,75,125,140,60,90,40
Sandygast,769,7,False,55,55,80,70,45,15
Palossand,770,7,False,85,75,110,100,75,35
Pyukumuku,771,7,False,55,60,130,30,130,5
Type:,772,7,False,95,95,95,95,95,59
Silvally,773,7,False,95,95,95,95,95,95
Meteor Form,774,7,True,60,60,100,60,100,60
Core Form,774,7,True,60,100,60,100,60,120
Komala,775,7,False,65,115,65,75,95,65
Turtonator,776,7,False,60,78,135,91,85,36
Togedemaru,777,7,False,65,98,63,40,73,96
Mimikyu,778,7,False,55,90,80,50,105,96
Bruxish,779,7,False,68,105,70,70,70,92
Drampa,780,7,False,78,60,85,135,91,36
Dhelmise,781,7,False,70,131,100,86,90,40
Jangmo-o,782,7,False,45,55,65,45,45,45
Hakamo-o,783,7,False,55,75,90,65,70,65
Kommo-o,784,7,False,75,110,125,100,105,85
Tapu,785,7,False,70,115,85,95,75,130
Tapu,786,7,False,70,85,75,130,115,95
Tapu,787,7,False,70,130,115,85,95,75
Tapu,788,7,False,70,75,115,95,130,85
Cosmog,789,7,False,43,29,31,29,31,37
Cosmoem,790,7,False,43,29,131,29,131,37
Solgaleo,791,7,False,137,137,107,113,89,97
Lunala,792,7,False,137,113,89,137,107,97
Nihilego,793,7,False,109,53,47,127,131,103
Buzzwole,794,7,False,107,139,139,53,53,79
Pheromosa,795,7,False,71,137,37,137,37,151
Xurkitree,796,7,False,83,89,71,173,71,83
Celesteela,797,7,False,97,101,103,107,101,61
Kartana,798,7,False,59,181,131,59,31,109
Guzzlord,799,7,False,223,101,53,97,53,43
Necrozma,800,7,False,97,107,101,127,89,79
Magearna,801,7,False,80,95,115,130,115,65
Marshadow,802,7,False,90,125,80,90,90,125
